ID,NicheRecon_tip,Bioregion_singleFossil,Bioregion_comprehensive,Stage_mean,Age_mean,Age_max,Age_min,Latitude,Longitude,paleoLong,paleoLat,age,layer,cellNumber,CMM,DryMon,MAP,MAT,WetDryMon,WetMon,WMM,WMMCMM,dup.fossil_time_cell
102,*Antiquacupula_sulcata,NA,NA,Santonian,84.275,84.95,83.6,32.62972222,-83.98611111,-53.4128,32.5307,84,teydr1,2978000,13.2910757064819,60.2772750854492,1176.55297851562,23.5857639312744,81.5419692993164,141.819244384766,34.3128662109375,21.0217914581299,FALSE
2697,*Castanea_fujiyamae,EA,EA,Lutetian,42.9,47.8,38,42.99833333,126.8661111,120.7662,44.6802,43,teydj1,2349370,-9.85409355163574,29.8534393310547,1115.0947265625,14.9015483856201,134.783447265625,164.63688659668,36.8516654968262,46.7057571411133,FALSE
2298,*Castanea_fujiyamae,,,Rupelian,31,33.9,28.1,42.45,130.4,126.636,43.4403,31,teydg1,2414240,-13.3947591781616,26.0268802642822,1346.68762207031,13.4742670059204,175.210983276367,201.237869262695,36.4718132019043,49.8665733337402,FALSE
77,*Castaneoidea_puryearensis,NA,NA,Lutetian,42.9,47.8,38,36.432675,-88.333291,-77.5021,37.3996,43,teydj1,2727150,10.5533027648926,35.6452827453613,920.773498535156,25.0686416625977,71.3593826293945,107.004661560059,42.8642234802246,32.310920715332,FALSE
982,*Castanopsis_changchangensis,SEA,SEA,Lutetian,42.9,47.8,38,19.63416667,110.4511111,109.6017,20.3201,43,teydj1,3614996,22.2940998077393,11.0798835754395,1827.03723144531,28.7366580963135,453.551055908203,464.630920410156,33.178337097168,10.884238243103,FALSE
903,*Chrysolepis_chrysophylloides,NA,NA,Lutetian,44.95,56,33.9,39.21629,-120.8805,-105.4395,41.2345,45,teydj1,2528095,2.94206404685974,7.39210224151611,1497.0087890625,13.7313289642334,280.795135498047,288.187255859375,27.947639465332,25.0055751800537,FALSE
906,*Chrysolepis_chrysophylloides,,,Zanclean,3.9605,5.333,2.588,38.18656,-122.53982,-121.1601,38.1357,4,teydb1,2687747,6.1938648223877,8.10250854492188,861.97021484375,14.2250499725342,163.692916870117,171.79541015625,23.7293548583984,17.5354919433594,FALSE
905,*Chrysolepis_chrysophylloides,,,Langhian,14.1815,23.03,5.333,41.545,-120.7436,-115.9839,41.4145,14,teydd1,2519329,-3.67898106575012,17.1038208007812,1567.95971679688,7.57435607910156,281.040557861328,298.144378662109,21.0611419677734,24.7401256561279,FALSE
6,*Castanopsis_crepetii,NA,NA,Ypresian,48.32,48.32,48.32,44.94333333,-120.4261111,-103.0239,47.5983,48,teydj1,2195484,-0.551151752471924,39.3077278137207,1172.15539550781,12.1307992935181,114.064254760742,153.371978759766,29.2063941955566,29.7575454711914,FALSE
671,*Castanopsis_elisabethae,EU,EU,Serravallian,12.809,23.03,2.588,42.67455,24.833081,24.2856,42.0534,13,teydd1,2486452,0.88908863067627,14.2306480407715,419.713745117188,14.4595975875854,39.0268096923828,53.2574577331543,31.9764728546143,31.0873832702637,FALSE
672,*Castanopsis_pliovariabilis,EU,EU,Serravallian,12.809,23.03,2.588,42.67455,24.833081,24.2856,42.0534,13,teydd1,2486452,0.88908863067627,14.2306480407715,419.713745117188,14.4595975875854,39.0268096923828,53.2574577331543,31.9764728546143,31.0873832702637,FALSE
1,*Castanopsis_rothwellii,SA,SA,Ypresian,52.2,52.2,52.2,-42.4675,-70.03672222,-59.986,-44.9145,52,teydk1,6991201,8.855712890625,90.4296112060547,1868.14453125,14.7157697677612,115.410293579102,205.839920043945,23.2736701965332,14.4179582595825,FALSE
1254,*Castanopsis_salinarum,,,Rupelian,28.465,33.9,23.03,50.21636,12.443,9.2932,49.955,28,teydg1,2075872,1.99341976642609,3.42231583595276,758.827331542969,15.4233198165894,91.4387588500977,94.8610763549805,34.8719139099121,32.8784942626953,FALSE
1493,*Castanopsis_salinarum,EU,EU,Lutetian,44.95,56,33.9,51.419669,9.867914,6.1605,48.393,45,teydj1,2157914,5.09171724319458,8.50972080230713,971.404296875,17.6817150115967,120.869201660156,129.378921508789,37.7662773132324,32.674560546875,FALSE
15,*Castanopsis_salinarum,,,Burdigalian,17.325,23.03,11.62,51.419669,9.867914,8.2153,51.5931,17,teyde1,1989459,-3.78957366943359,19.3230972290039,780.423950195312,10.3688688278198,68.3785629272461,87.7016525268555,30.6218566894531,34.4114303588867,FALSE
23,*Castanopsis_tanaii,EA,EA,Priabonian,35.95,38,33.9,34.173865,131.496036,126.4189,41.1553,36,teydh1,2535198,-5.61297464370728,27.5731716156006,1507.94885253906,17.7326850891113,222.602432250977,250.175598144531,36.0166511535645,41.6296272277832,FALSE
8,*Castanopsoidea_columbiana,NA,NA,Ypresian,56,56,56,36.346481,-88.660626,-70.8923,38.9098,56,teydl1,2649470,8.00423336029053,61.7144927978516,1111.48291015625,21.247652053833,66.4376754760742,128.152160644531,37.3141937255859,29.3099613189697,FALSE
2616,*Eotrigonobalanus,,,Lutetian,44.95,56,33.9,50.110422,12.574805,8.7702,47.1407,45,teydj1,2222746,5.0865592956543,9.11052227020264,889.01611328125,18.391788482666,107.01448059082,116.125,39.5248794555664,34.4383201599121,FALSE
1785,*Eotrigonobalanus,,,Chattian,25.565,28.1,23.03,51.25,12.45,9.5701,51.0932,26,teydf1,2015395,-1.40773642063141,8.04823017120361,708.7919921875,13.1974277496338,79.5852279663086,87.6334533691406,36.5346870422363,37.9424209594727,FALSE
1772,*Eotrigonobalanus,,,Chattian,25.565,28.1,23.03,51.2,12.5,9.6224,51.0442,26,teydf1,2019716,-1.38380753993988,8.05026149749756,704.555603027344,13.2195997238159,78.9224319458008,86.9726943969727,36.5614433288574,37.9452476501465,FALSE
1959,*Eotrigonobalanus,,,Chattian,26.5,26.5,26.5,50.68,7.52,4.6913,50.4291,26,teydf1,2049897,-0.269828140735626,10.2326669692993,1049.38098144531,12.9377279281616,120.419502258301,130.65217590332,35.5937690734863,35.8635940551758,FALSE
1819,*Eotrigonobalanus,,,Rupelian,31,33.9,28.1,47.9,20.4,18.4704,44.7895,31,teydg1,2343822,5.59815216064453,1.62444317340851,353.826263427734,22.2504692077637,54.5718269348145,56.1962738037109,44.8462562561035,39.2481079101562,FALSE
1933,*Eotrigonobalanus,,,Rupelian,31,33.9,28.1,47.53,19.03,17.1508,44.4662,31,teydg1,2361086,5.6408803757933,2.00466668728701,421.907754327833,21.898122708822,69.3059226557152,71.3105894658983,44.3255865942572,38.6847075039578,FALSE
458,*Eotrigonobalanus,,,Priabonian,35.85,37.8,33.9,54.810953,20.23713,15.4702,53.7788,36,teydh1,1877226,-0.539294242858887,9.59469413757324,733.480285644531,17.0876388549805,98.4503860473633,108.045082092285,41.8006706237793,42.3399658203125,FALSE
456,*Eotrigonobalanus,,,Priabonian,35.85,37.8,33.9,54.810953,20.23713,15.4702,53.7788,36,teydh1,1877226,-0.539294242858887,9.59469413757324,733.480285644531,17.0876388549805,98.4503860473633,108.045082092285,41.8006706237793,42.3399658203125,TRUE
2617,*Eotrigonobalanus,,,Lutetian,44.95,56,33.9,50.110422,12.574805,8.7702,47.1407,45,teydj1,2222746,5.0865592956543,9.11052227020264,889.01611328125,18.391788482666,107.01448059082,116.125,39.5248794555664,34.4383201599121,TRUE
899,*Eotrigonobalanus,,,Priabonian,35.95,38,33.9,42.023367,23.096971,20.136,37.5461,36,teydh1,2719682,9.1611442565918,6.52450609207153,331.772033691406,25.13330078125,54.4371376037598,60.9616470336914,46.6619911193848,37.5008430480957,FALSE
713,*Eotrigonobalanus,,,Chattian,27.75,30.8,24.7,50.78444444,14.27888889,11.0881,50.5629,28,teydf1,2045654,-1.44847130775452,8.10321807861328,683.131713867188,13.3673534393311,76.0583801269531,84.1616058349609,36.8220596313477,38.2705307006836,FALSE
902,*Eotrigonobalanus,,,Rupelian,28.465,33.9,23.03,40.985678,27.939173,25.6565,38.2988,28,teydg1,2680868,5.8201699256897,2.41211223602295,339.412536621094,23.8022441864014,56.7215881347656,59.1336975097656,46.2158470153809,40.3956756591797,FALSE
901,*Eotrigonobalanus,,,Priabonian,35.95,38,33.9,42.26596,22.680995,19.7638,37.8054,36,teydh1,2706718,8.84412097930908,7.03606462478638,344.320068359375,24.7965488433838,53.0783538818359,60.1144180297852,46.5309715270996,37.6868476867676,FALSE
269,*Eotrigonobalanus,,,Rupelian,29.55,31,28.1,49.996938,8.227993,4.7197,49.5443,30,teydg1,2097417,3.42962574958801,3.05636358261108,1047.12365722656,15.8211288452148,139.631912231445,142.688293457031,34.8530006408691,31.4233741760254,FALSE
1763,*Eotrigonobalanus,,,Chattian,25.565,28.1,23.03,42.38,23.02,21.2578,40.182,26,teydf1,2581456,3.29331564903259,7.99433708190918,393.649810791016,19.3331871032715,58.4853897094727,66.4797286987305,40.4877319335938,37.1944198608398,FALSE
1766,*Eotrigonobalanus,,,Chattian,25.565,28.1,23.03,42.37,23.02,21.2574,40.172,26,teydf1,2581456,3.29331564903259,7.99433708190918,393.649810791016,19.3331871032715,58.4853897094727,66.4797286987305,40.4877319335938,37.1944198608398,TRUE
1769,*Eotrigonobalanus,,,Chattian,25.565,28.1,23.03,42.37,23.02,21.2574,40.172,26,teydf1,2581456,3.29331564903259,7.99433708190918,393.649810791016,19.3331871032715,58.4853897094727,66.4797286987305,40.4877319335938,37.1944198608398,TRUE
1845,*Eotrigonobalanus,,,Chattian,25.565,28.1,23.03,51.27,14.62,11.7317,51.1551,26,teydf1,2015421,-2.03758192062378,8.41157627105713,707.366516113281,13.0604114532471,79.1127243041992,87.524299621582,36.5706024169922,38.6081848144531,FALSE
1850,*Eotrigonobalanus,,,Chattian,25.565,28.1,23.03,51.27,14.62,11.7317,51.1551,26,teydf1,2015421,-2.03758192062378,8.41157627105713,707.366516113281,13.0604114532471,79.1127243041992,87.524299621582,36.5706024169922,38.6081848144531,TRUE
1854,*Eotrigonobalanus,,,Chattian,25.565,28.1,23.03,51.27,12.79,9.9078,51.1197,26,teydf1,2015399,-1.50133275985718,8.08588981628418,706.921325683594,13.1797866821289,79.2030563354492,87.2889404296875,36.5503082275391,38.0516395568848,FALSE
1876,*Eotrigonobalanus,,,Chattian,25.565,28.1,23.03,47.7,11.8,10.717,45.8115,26,teydf1,2291889,0.841971218585968,17.0539703369141,890.8740234375,14.2419157028198,113.544654846191,130.5986328125,36.3101959228516,35.4682273864746,FALSE
1956,*Eotrigonobalanus,,,Chattian,25.565,28.1,23.03,49.69,13.98,11.169,49.5635,26,teydf1,2097495,-0.565272390842438,7.87230634689331,649.442077636719,13.9743461608887,73.1182708740234,80.9905853271484,37.2933120727539,37.858585357666,FALSE
2009,*Eotrigonobalanus,,,Chattian,25.565,28.1,23.03,51.3,12.45,9.5677,51.1431,26,teydf1,2015395,-1.40773642063141,8.04823017120361,708.7919921875,13.1974277496338,79.5852279663086,87.6334533691406,36.5346870422363,37.9424209594727,TRUE
2011,*Eotrigonobalanus,,,Chattian,25.565,28.1,23.03,51.3,12.45,9.5677,51.1431,26,teydf1,2015395,-1.40773642063141,8.04823017120361,708.7919921875,13.1974277496338,79.5852279663086,87.6334533691406,36.5346870422363,37.9424209594727,TRUE
1782,*Eotrigonobalanus,,,Rupelian,31,33.9,28.1,41.68,24.33,21.8257,38.4518,31,teydg1,2672182,7.0068154335022,2.26785755157471,223.251342773438,24.6114692687988,39.1049346923828,41.3727912902832,46.619068145752,39.6122512817383,FALSE
1797,*Eotrigonobalanus,,,Rupelian,31,33.9,28.1,41.52,25,22.4562,38.2721,31,teydg1,2680830,7.00204610824585,1.99223303794861,195.474945068359,25.0545043945312,34.8803100585938,36.8725433349609,47.2050857543945,40.2030372619629,FALSE
1822,*Eotrigonobalanus,,,Rupelian,31,33.9,28.1,41.87,23.58,21.1209,38.6643,31,teydg1,2663534,6.84860324859619,2.81826877593994,282.952667236328,23.8294792175293,47.9512596130371,50.7695274353027,45.6655387878418,38.8169364929199,FALSE
1882,*Eotrigonobalanus,,,Rupelian,31,33.9,28.1,41.88,24.68,22.1694,38.6412,31,teydg1,2663547,7.08634090423584,1.87220537662506,214.147811889648,24.7742080688477,38.1184997558594,39.9907073974609,46.8505554199219,39.7642135620117,FALSE
1987,*Eotrigonobalanus,,,Rupelian,31,33.9,28.1,45.24,25.07,21.5509,45.0715,31,teydg1,2330899,3.68013262748718,3.30327725410461,586.171020507812,20.0656089782715,90.5263214111328,93.82958984375,42.6577453613281,38.9776077270508,FALSE
1988,*Eotrigonobalanus,,,Rupelian,31,33.9,28.1,47.91,20.61,18.6692,44.7925,31,teydg1,2343825,5.58499145507812,1.64997279644012,357.841094970703,22.234395980835,55.2590065002441,56.9089851379395,44.8409461975098,39.2559585571289,FALSE
785,*Eotrigonobalanus,,,Rupelian,28.465,33.9,23.03,41.241032,26.267509,24.0594,38.5937,28,teydg1,2663569,6.3253345489502,2.05459570884705,287.246307373047,24.0648021697998,48.2569389343262,50.3115310668945,46.267505645752,39.9421730041504,FALSE
788,*Eotrigonobalanus,,,Rupelian,28.465,33.9,23.03,41.241032,26.138728,23.9356,38.5968,28,teydg1,2663568,6.37652158737183,2.02086329460144,281.2197265625,24.129976272583,47.4140815734863,49.4349403381348,46.3309326171875,39.9544143676758,FALSE
595,*Eotrigonobalanus,,,Priabonian,35.95,38,33.9,50.53333333,13.8,9.5208,49.3244,36,teydh1,2110435,3.58716106414795,4.04837369918823,795.821472167969,19.0704307556152,112.449005126953,116.497375488281,42.8438987731934,39.2567367553711,FALSE
1793,*Eotrigonobalanus,,,Chattian,25.565,28.1,23.03,42.33,23.55,21.7678,40.1191,26,teydf1,2585782,3.38092136383057,5.78584861755371,306.752899169922,19.9693489074707,46.055835723877,51.841682434082,41.3531951904297,37.9722709655762,FALSE
1750,*Eotrigonobalanus,,,Chattian,26.5,26.5,26.5,50.86,7.2,4.3646,50.603,26,teydf1,2041253,-0.220340728759766,10.1377801895142,1056.38940429688,12.9610967636108,122.220413208008,132.358200073242,35.5543479919434,35.7746849060059,FALSE
1960,*Eotrigonobalanus,,,Chattian,26.5,26.5,26.5,50.68,7.52,4.6913,50.4291,26,teydf1,2049897,-0.269828140735626,10.2326669692993,1049.38098144531,12.9377279281616,120.419502258301,130.65217590332,35.5937690734863,35.8635940551758,TRUE
1981,*Eotrigonobalanus,,,Rupelian,30.44,31.69,29.19,50.91,14.61,10.9926,50.6122,30,teydg1,2041332,1.86185324192047,4.02114915847778,597.938110351562,15.9224424362183,74.8578262329102,78.8789825439453,35.6963653564453,33.8345108032227,FALSE
1757,*Eotrigonobalanus,,,Rupelian,31,33.9,28.1,47.55,19.02,17.1428,44.4865,31,teydg1,2361086,5.60555139521963,2.02860372828454,422.657531738281,21.8694868972621,69.2643419442718,71.2929458028262,44.3100176349129,38.7044673998331,TRUE
1801,*Eotrigonobalanus,,,Rupelian,31,33.9,28.1,41.87,23.18,20.7397,38.6766,31,teydg1,2659209,6.74887561798096,3.17018413543701,319.949035644531,23.3659801483154,53.3706283569336,56.5408134460449,45.1035270690918,38.3546524047852,FALSE
1817,*Eotrigonobalanus,,,Rupelian,31,33.9,28.1,43.2,22.3,19.975,40.0329,31,teydg1,2590080,6.99960470199585,2.75307083129883,453.173461914062,22.3366012573242,74.2221908569336,76.9752655029297,44.0331802368164,37.033576965332,FALSE
1820,*Eotrigonobalanus,,,Rupelian,31,33.9,28.1,47.9,20.4,18.4704,44.7895,31,teydg1,2343822,5.59815216064453,1.62444317340851,353.826263427734,22.2504692077637,54.5718269348145,56.1962738037109,44.8462562561035,39.2481079101562,TRUE
1873,*Eotrigonobalanus,,,Rupelian,31,33.9,28.1,47.58,12.19,10.6797,44.7717,31,teydg1,2343729,6.07019901275635,2.73572325706482,615.472595214844,20.9094123840332,106.142570495605,108.878295898438,43.137092590332,37.0668907165527,FALSE
1875,*Eotrigonobalanus,,,Rupelian,31,33.9,28.1,47.5,12.12,10.6066,44.6947,31,teydg1,2348048,6.19905948638916,2.67142820358276,598.018127441406,21.045389175415,103.288681030273,105.960121154785,43.2570533752441,37.057991027832,FALSE
1900,*Eotrigonobalanus,,,Rupelian,31,33.9,28.1,47.53,19.03,17.1508,44.4662,31,teydg1,2361086,5.6408803757933,2.00466668728701,421.907754327833,21.898122708822,69.3059226557152,71.3105894658983,44.3255865942572,38.6847075039578,TRUE
1934,*Eotrigonobalanus,,,Rupelian,31,33.9,28.1,47.53,19.03,17.1508,44.4662,31,teydg1,2361086,5.6408803757933,2.00466668728701,421.907754327833,21.898122708822,69.3059226557152,71.3105894658983,44.3255865942572,38.6847075039578,TRUE
1966,*Eotrigonobalanus,,,Rupelian,31,33.9,28.1,45.99,14.18,12.4414,43.1057,31,teydg1,2430150,7.0755786895752,2.19529557228088,500.669677734375,22.3650608062744,91.4807434082031,93.6760406494141,44.4953384399414,37.4197578430176,FALSE
1985,*Eotrigonobalanus,,,Rupelian,31,33.9,28.1,45.56,11.9,10.2394,42.7669,31,teydg1,2447403,8.04799461364746,1.84368658065796,369.960876464844,23.1260528564453,67.7899017333984,69.6335906982422,45.0378265380859,36.9898300170898,FALSE
1999,*Eotrigonobalanus,,,Rupelian,31,33.9,28.1,46.15,15.05,13.2799,43.2321,31,teydg1,2425840,6.68302011489868,2.51989102363586,562.454284667969,21.922082901001,102.138481140137,104.658378601074,44.0669097900391,37.3838844299316,FALSE
2002,*Eotrigonobalanus,,,Rupelian,31,33.9,28.1,49.17,16.03,12.3455,48.7628,31,teydg1,2136389,2.88861465454102,4.25798082351685,537.653015136719,17.7440452575684,74.6034088134766,78.8613891601562,39.111946105957,36.2233352661133,FALSE
2003,*Eotrigonobalanus,,,Rupelian,31,33.9,28.1,47.53,19.03,17.1508,44.4662,31,teydg1,2361086,5.6408803757933,2.00466668728701,421.907754327833,21.898122708822,69.3059226557152,71.3105894658983,44.3255865942572,38.6847075039578,TRUE
1901,*Eotrigonobalanus,,,Chattian,25.565,28.1,23.03,51.26,14.61,11.7222,51.1449,26,teydf1,2015421,-2.03758192062378,8.41157627105713,707.366516113281,13.0604114532471,79.1127243041992,87.524299621582,36.5706024169922,38.6081848144531,TRUE
1963,*Eotrigonobalanus,,,Rupelian,31,33.9,28.1,49.22,8.7,5.091,48.6291,31,teydg1,2144942,4.22389650344849,3.28285717964172,894.37890625,17.0325508117676,122.878059387207,126.160919189453,37.0405540466309,32.8166618347168,FALSE
1971,*Eotrigonobalanus,,,Rupelian,31,33.9,28.1,51.13,12.38,8.6128,50.6287,31,teydg1,2041304,2.81197738647461,7.83258533477783,846.332153320312,14.82688331604,101.112937927246,108.945526123047,32.1942863464355,29.3823089599609,FALSE
566,*Eotrigonobalanus,,,Danian,62.5,64,61,70.5375,-53.1,-22.3059,62.5412,62,teydm1,1423173,-24.5501136779785,32.9435348510742,647.427124023438,-1.74683201313019,52.8932418823242,85.836784362793,20.602596282959,45.1527061462402,FALSE
564,*Eotrigonobalanus,,,Danian,63,64,62,70.58366667,-53.11666667,-21.8522,62.4285,63,teydm1,1427498,-24.4146270751953,34.316349029541,674.466125488281,-1.73392939567566,56.1085929870605,90.4249420166016,20.6818008422852,45.0964241027832,FALSE
565,*Eotrigonobalanus,,,Danian,63,64,62,70.59166667,-53.08333333,-21.8233,62.4314,63,teydm1,1427499,-24.3450508117676,34.5898818969727,680.852661132812,-1.74680685997009,56.9682960510254,91.5581817626953,20.6161231994629,44.9611701965332,FALSE
457,*Eotrigonobalanus,,,Priabonian,35.85,37.8,33.9,54.810953,20.23713,15.4702,53.7788,36,teydh1,1877226,-0.539294242858887,9.59469413757324,733.480285644531,17.0876388549805,98.4503860473633,108.045082092285,41.8006706237793,42.3399658203125,TRUE
560,*Eotrigonobalanus,NA,NA|EU|WEA|EA,Campanian,81.5,82,81,44.98333333,-108.8666667,-73.6836,50.8461,82,teydq1,2027356,2.24738931655884,46.5296401977539,1070.99609375,13.0671148300171,108.122077941895,154.651718139648,26.8382244110107,24.5908336639404,FALSE
2307,*Eotrigonobalanus,,,Rupelian,31,33.9,28.1,42.45,130.4,126.636,43.4403,31,teydg1,2414240,-13.3947591781616,26.0268802642822,1346.68762207031,13.4742670059204,175.210983276367,201.237869262695,36.4718132019043,49.8665733337402,FALSE
436,*Fagopsis_longifolia,NA,NA,Priabonian,34.07,34.17,33.97,38.965589,-105.285327,-97.6313,40.2182,34,teydh1,2580029,7.00771522521973,9.81956577301025,388.010375976562,23.4908084869385,45.8147926330566,55.6343536376953,44.1165542602539,37.1088409423828,FALSE
2309,*Fagopsis_primorica,EA,EA,Rupelian,31,33.9,28.1,42.45,130.4,126.636,43.4403,31,teydg1,2414240,-13.3947591781616,26.0268802642822,1346.68762207031,13.4742670059204,175.210983276367,201.237869262695,36.4718132019043,49.8665733337402,FALSE
1171,*Fagus_altaensis,CEA,CEA,Langhian,14.165,23,5.33,50.928241,81.750285,81.0933,51.4784,14,teydd1,1998974,-19.1258869171143,10.3049535751343,414.063079833984,3.44130301475525,47.4565773010254,57.7615280151367,30.6649703979492,49.7908554077148,FALSE
699,*Fagus_attenuata,,,Zanclean,5.332,5.332,5.332,42.864319,22.790981,22.6182,42.6706,5,teydb1,2451872,2.39133310317993,33.4258728027344,952.887817382812,12.2531909942627,74.855712890625,108.281585693359,26.7499217987061,24.358585357666,FALSE
1746,*Fagus_attenuata,,,Tortonian,10.25,10.5,10,48.17,16.33,16.1186,47.839,10,teydc1,2183954,-3.25118446350098,30.8004531860352,761.460021972656,10.7896356582642,63.5034484863281,94.3039016723633,29.069845199585,32.3210296630859,FALSE
65,*Fagus_attenuata,EU,EU,Rupelian,28.465,33.9,23.03,51.313095,12.688913,9.4782,51.0564,28,teydg1,2019714,2.80762052536011,8.49179840087891,771.676818847656,15.0503005981445,93.9591674804688,102.450965881348,32.4348030090332,29.6271839141846,FALSE
64,*Fagus_attenuata,,,Burdigalian,19.5,23.03,15.97,49.278178,13.53048,11.6636,49.4442,20,teyde1,2101820,-3.26343321800232,25.373384475708,932.543640136719,10.4953298568726,82.731315612793,108.104698181152,30.4117450714111,33.675178527832,FALSE
1921,*Fagus_attenuata,,,Chattian,25.565,28.1,23.03,48.3,14.28,11.5306,48.1799,26,teydf1,2166619,0.92115843296051,7.43719434738159,590.3779296875,15.1035184860229,69.3191452026367,76.7563400268555,38.1407775878906,37.2196235656738,FALSE
1140,*Fagus_castaneifolia,EU,EU|WEA,Rupelian,31,33.9,28.1,51.290579,12.320296,8.5437,50.7877,31,teydg1,2032663,3.08293747901917,9.22664260864258,854.618591308594,14.7294979095459,101.87181854248,111.09846496582,31.5338687896729,28.4509315490723,FALSE
833,*Fagus_castaneifolia,,,Tortonian,10.533,13.82,7.246,38.313896,26.12953,25.3113,38.6901,11,teydc1,2659264,4.76269129514694,4.54947789775001,503.988409084744,16.9927196396722,89.2187232971191,93.7681964026557,32.6903449800279,27.9276537471347,FALSE
1145,*Fagus_castaneifolia,,,Burdigalian,16.75,17.2,16.3,47.256124,14.369597,13.8677,46.5105,17,teydd1,2253047,-2.08901238441467,39.419017791748,758.299438476562,11.0546522140503,58.3075904846191,97.7266082763672,29.5169830322266,31.6059951782227,FALSE
1143,*Fagus_castaneifolia,,,Burdigalian,18.205,20.44,15.97,39.2555,34.427417,34.8401,38.8138,18,teyde1,2655059,-0.169908300042152,2.89315390586853,270.166015625,15.5809440612793,37.0347137451172,39.9278678894043,35.1391143798828,35.309024810791,FALSE
1144,*Fagus_castaneifolia,,,Burdigalian,18.205,20.44,15.97,39.711715,21.696487,20.8034,38.781,18,teyde1,2654890,6.70465564727783,7.28453588485718,301.514862060547,18.0639610290527,37.9038391113281,45.1883735656738,32.739387512207,26.0347328186035,FALSE
408,*Fagus_castaneifolia,,,Burdigalian,19.625,20.54,18.71,39.048318,27.597786,28.2081,39.2977,20,teyde1,2629059,2.24393200874329,5.4267954826355,277.81982421875,17.0227699279785,34.5603332519531,39.9871292114258,34.871395111084,32.6274642944336,FALSE
1142,*Fagus_castaneifolia,,,Aquitanian,21.735,23.03,20.44,43.840784,5.794331,3.7905,43.7929,22,teyde1,2395486,4.8709716796875,19.6666145324707,813.314147949219,14.7602815628052,93.6334838867188,113.300094604492,30.7793827056885,25.908411026001,FALSE
787,*Fagus_castaneifolia,,,Rupelian,28.465,33.9,23.03,41.241032,26.267509,24.0594,38.5937,28,teydg1,2663569,6.3253345489502,2.05459570884705,287.246307373047,24.0648021697998,48.2569389343262,50.3115310668945,46.267505645752,39.9421730041504,FALSE
791,*Fagus_castaneifolia,,,Burdigalian,18.205,20.44,15.97,38.426148,23.972447,23.0155,37.4594,18,teyde1,2724037,11.0624411446708,4.79429149627686,269.745012555804,19.0567212785993,40.4780736650739,45.2723661150251,29.9697954995292,18.9073538099016,FALSE
1194,*Fagus_gussonii,,,Tortonian,9.423,11.6,7.246,42.3725,1.777222222,0.969,42.5851,9,teydc1,2455932,3.34825730323792,48.7229881286621,936.075012207031,12.2744340896606,61.1936149597168,109.916603088379,25.4648303985596,22.1165733337402,FALSE
359,*Fagus_gussonii,WEA,EU|WEA,Serravallian,13.795,15.97,11.62,37.553622,27.364989,27.2901,37.5965,14,teydd1,2715448,7.71656656265259,10.5981454849243,391.032196044922,16.9716281890869,57.7361869812012,68.3343353271484,28.6549739837646,20.9384098052979,FALSE
1196,*Fagus_gussonii,,,Messinian,6.288,7.246,5.33,37.956769,23.653069,23.4006,37.7202,6,teydb1,2711081,13.0784177780151,5.80743932723999,436.991485595703,19.92578125,66.6334686279297,72.4409103393555,29.978609085083,16.9001903533936,FALSE
1197,*Fagus_gussonii,,,Messinian,6.288,7.246,5.33,40.679627,21.71346,21.4902,40.4527,6,teydb1,2568498,6.27223587036133,21.3567771911621,816.638977050781,16.0179214477539,86.7737731933594,108.130554199219,30.0241508483887,23.7519149780273,FALSE
1198,*Fagus_gussonii,,,Messinian,6.288,7.246,5.33,40.683476,21.701879,21.4787,40.4566,6,teydb1,2568498,6.27223587036133,21.3567771911621,816.638977050781,16.0179214477539,86.7737731933594,108.130554199219,30.0241508483887,23.7519149780273,TRUE
1199,*Fagus_gussonii,,,Messinian,6.288,7.246,5.33,43.706829,13.212989,13.0467,43.5253,6,teydb1,2408557,5.22877931594849,33.1020164489746,863.458190917969,16.6327171325684,67.0866241455078,100.188636779785,33.6296920776367,28.400915145874,FALSE
837,*Fagus_gussonii,,,Tortonian,8.15,8.6,7.7,35.115326,25.724789,25.3509,34.7868,8,teydc1,2862305,7.0088793483239,4.38962087452251,290.464547061371,19.6145362057103,47.074978227581,51.4645979792437,34.2711716006986,27.2622924407438,FALSE
2664,*Fagus_gussonii,,,Tortonian,8.4765,11.62,5.333,42.35286111,1.760416667,1.0432,42.5433,8,teydc1,2460253,3.72754430770874,47.0050239562988,911.83837890625,12.5471696853638,61.2515563964844,108.256576538086,25.573169708252,21.8456249237061,FALSE
841,*Fagus_gussonii,,,Tortonian,11.06,11.62,10.5,35.02457,24.942904,24.405,34.548,11,teydc1,2875253,7.61189368864719,4.73347938777666,293.212979864519,19.9659678399026,47.3696128776908,52.1030911182613,34.3224860032932,26.7105924613282,FALSE
800,*Fagus_gussonii,,,Messinian,6.5,7,6,40.875474,22.017734,21.7951,40.647,6,teydb1,2559862,5.34188842773438,22.968132019043,839.077514648438,15.4194078445435,85.197265625,108.165405273438,29.8389339447021,24.4970455169678,FALSE
809,*Fagus_gussonii,,,Tortonian,8.4765,11.62,5.333,40.215842,22.275296,21.9694,39.9098,8,teydc1,2598744,2.53197288513184,8.62587547302246,450.106811523438,16.1670093536377,54.3168601989746,62.9427337646484,33.5397834777832,31.0078105926514,FALSE
817,*Fagus_gussonii,,,Tortonian,8.4765,11.62,5.333,39.833948,22.422474,22.1116,39.5269,8,teydc1,2616026,2.69393157958984,8.24146842956543,444.487396240234,16.2117576599121,54.6919212341309,62.9333877563477,33.3830490112305,30.6891193389893,FALSE
527,*Fagus_gussonii,,,Tortonian,8.5,9,8,65.539772,-21.476564,-19.2428,65.229,8,teydc1,1284970,-9.50108337402344,32.1753387451172,818.401916503906,0.333159327507019,84.5143661499023,116.689712524414,9.13680648803711,18.6378898620605,FALSE
1137,*Fagus_kitamiensis,EA,EA,Rupelian,31,34,28,43.820848,143.857766,141.0726,45.6099,31,teydg1,2302093,-16.6605726390984,40.542233209789,1176.65581496938,8.60584985886674,127.361202920192,167.903433495443,31.9599609075423,48.6205335894019,FALSE
437,*Fagus_langevinii,NA,NA,Ypresian,50,50,50,50.79696667,-121.1428,-104.9442,55.3229,50,teydk1,1798021,-5.16716527938843,53.4792137145996,1986.64514160156,8.0477294921875,210.643981933594,264.123199462891,24.2444076538086,29.4115734100342,FALSE
438,*Fagus_langevinii,,,Ypresian,50,50,50,48.644019,-118.753298,-103.0022,53.9944,50,teydk1,1867164,-4.84616708755493,58.885669708252,1691.10925292969,9.00167751312256,156.931503295898,215.817184448242,25.7660579681396,30.6122245788574,FALSE
439,*Fagus_langevinii,,,Ypresian,50,50,50,49.424238,-120.248079,-104.4239,53.8659,50,teydk1,1871467,-4.02552318572998,60.8615798950195,2125.51342773438,9.16173458099365,225.991958618164,286.853546142578,25.4880352020264,29.513557434082,FALSE
638,*Fagus_napanensis,EA,EA,Priabonian,37.5,38,37,42.65833333,130.7833333,125.669,44.231,38,teydh1,2375349,-10.2213850021362,30.4711666107178,1238.62158203125,15.4517755508423,140.536834716797,171.007995605469,37.6408500671387,47.8622360229492,FALSE
2399,*Fagus_napanensis,,,Priabonian,35.95,38,33.9,43.2,131.5,127.3489,45.2809,36,teydh1,2319209,-12.8108367919922,33.1258506774902,1272.65637207031,14.5398263931274,146.960861206055,180.086700439453,38.323616027832,51.1344528198242,FALSE
1131,*Fagus_napanensis,,,Priabonian,36,38,34,57.648544,157.742564,160.5415,60.1808,36,teydh1,1546327,-16.5877361297607,68.3633880615234,1205.384765625,2.77107715606689,100.343864440918,168.707244873047,23.0391216278076,39.6268577575684,FALSE
90,*Fagus_pacifica,NA,NA,Rupelian,32.9,33.6,32.2,44.435586,-118.940429,-107.5844,44.3229,33,teydg1,2368229,0.257979303598404,14.2674951553345,973.305725097656,13.0212106704712,131.185089111328,145.452590942383,30.3043384552002,30.0463600158691,FALSE
509,*Fagus_pacifica,,,Langhian,15.5,16,15,50.94111111,-120.8138889,-117.3679,51.8158,16,teydd1,1979312,-10.1899852752686,52.7597694396973,1345.41528320312,2.83569931983948,130.807434082031,183.567199707031,17.438304901123,27.6282901763916,FALSE
2010,*Fagus_saxonica,EU,EU,Chattian,25.565,28.1,23.03,51.3,12.45,9.5677,51.1431,26,teydf1,2015395,-1.40773642063141,8.04823017120361,708.7919921875,13.1974277496338,79.5852279663086,87.6334533691406,36.5346870422363,37.9424209594727,FALSE
1835,*Fagus_saxonica,,,Chattian,24.675,24.79,24.56,50.62,7.88,5.2065,50.4331,25,teydf1,2049903,-0.327609777450562,9.82148933410645,983.315002441406,13.018461227417,112.221923828125,122.043418884277,35.7565040588379,36.0841102600098,FALSE
1761,*Fagus_saxonica,,,Chattian,25.565,28.1,23.03,51.53,12.23,9.3372,51.3688,26,teydf1,2002433,-1.49689567089081,8.04368114471436,721.456481933594,13.1322221755981,81.598876953125,89.6425552368164,36.4635925292969,37.9604835510254,FALSE
1774,*Fagus_saxonica,,,Chattian,25.565,28.1,23.03,51.2,12.5,9.6224,51.0442,26,teydf1,2019716,-1.38380753993988,8.05026149749756,704.555603027344,13.2195997238159,78.9224319458008,86.9726943969727,36.5614433288574,37.9452476501465,FALSE
1787,*Fagus_saxonica,,,Chattian,25.565,28.1,23.03,51.25,12.45,9.5701,51.0932,26,teydf1,2015395,-1.40773642063141,8.04823017120361,708.7919921875,13.1974277496338,79.5852279663086,87.6334533691406,36.5346870422363,37.9424209594727,TRUE
1791,*Fagus_saxonica,,,Chattian,25.565,28.1,23.03,51.25,12.45,9.5701,51.0932,26,teydf1,2015395,-1.40773642063141,8.04823017120361,708.7919921875,13.1974277496338,79.5852279663086,87.6334533691406,36.5346870422363,37.9424209594727,TRUE
1837,*Fagus_saxonica,,,Chattian,25.565,28.1,23.03,51.24,12.46,9.5806,51.0834,26,teydf1,2015395,-1.40773642063141,8.04823017120361,708.7919921875,13.1974277496338,79.5852279663086,87.6334533691406,36.5346870422363,37.9424209594727,TRUE
1838,*Fagus_saxonica,,,Chattian,25.565,28.1,23.03,51.18,12.48,9.6034,51.0238,26,teydf1,2019716,-1.38380753993988,8.05026149749756,704.555603027344,13.2195997238159,78.9224319458008,86.9726943969727,36.5614433288574,37.9452476501465,TRUE
1851,*Fagus_saxonica,,,Chattian,25.565,28.1,23.03,51.27,14.62,11.7317,51.1551,26,teydf1,2015421,-2.03758192062378,8.41157627105713,707.366516113281,13.0604114532471,79.1127243041992,87.524299621582,36.5706024169922,38.6081848144531,FALSE
1957,*Fagus_saxonica,,,Chattian,25.565,28.1,23.03,49.69,13.98,11.169,49.5635,26,teydf1,2097495,-0.565272390842438,7.87230634689331,649.442077636719,13.9743461608887,73.1182708740234,80.9905853271484,37.2933120727539,37.858585357666,FALSE
1964,*Fagus_saxonica,,,Chattian,25.565,28.1,23.03,50.75,7.26,4.4295,50.4941,26,teydf1,2049894,-0.240937322378159,10.4382553100586,1082.41394042969,12.8973617553711,124.518295288086,134.956558227539,35.5124015808105,35.7533378601074,FALSE
1993,*Fagus_saxonica,,,Chattian,25.565,28.1,23.03,51.2,12.5,9.6224,51.0442,26,teydf1,2019716,-1.38380753993988,8.05026149749756,704.555603027344,13.2195997238159,78.9224319458008,86.9726943969727,36.5614433288574,37.9452476501465,TRUE
151,*Lithocarpus_cf._corneus,SEA,SEA,Rupelian,31,33.9,28.1,21.04520278,107.0322861,106.8286,21.2225,31,teydg1,3567442,16.6626625061035,10.0075550079346,1523.42834472656,28.1178569793701,298.586700439453,308.594268798828,38.4149284362793,21.7522640228271,FALSE
40,*Lithocarpus_changchangensis,SEA,SEA,Lutetian,43,48,38,19.63416667,110.4511111,109.6017,20.3201,43,teydj1,3614996,22.2940998077393,11.0798835754395,1827.03723144531,28.7366580963135,453.551055908203,464.630920410156,33.178337097168,10.884238243103,FALSE
622,*Lithocarpus_matsumotoi,EA,EA,Priabonian,35.95,38,33.9,44.091395,131.978217,127.7977,46.1844,36,teydh1,2271694,-13.7419719696045,31.6228008270264,1178.51879882812,14.0205249786377,134.530944824219,166.153747558594,38.4653358459473,52.2073097229004,FALSE
440,*Lithocarpus_sp._Colorado,NA,NA,Lutetian,44.95,56,33.9,40.275869,-108.354226,-96.4007,43.3555,45,teydj1,2415884,3.80658340454102,8.13213157653809,350.945159912109,19.166862487793,50.5649681091309,58.6971015930176,39.3002510070801,35.4936676025391,FALSE
483,*Lithocarpus_timensis,EU,EU,Priabonian,35.95,38,33.9,51.744199,36.190748,31.3788,51.2171,36,teydh1,2011337,-2.04366016387939,10.5623893737793,664.132751464844,17.6156711578369,101.793922424316,112.356315612793,42.9265937805176,44.9702529907227,FALSE
892,*Notholithocarpus_weidei,NA,NA,Rupelian,28.465,33.9,23.03,43.595709,-111.692769,-104.5831,44.4349,28,teydg1,2359626,-0.393617689609528,19.8030548095703,748.824645996094,13.6281423568726,74.0939178466797,93.89697265625,33.0220336914062,33.4156532287598,FALSE
101,*Protofagacea_allonensis,NA,NA,Santonian,84.275,84.95,83.6,32.62972222,-83.98611111,-53.4128,32.5307,84,teydr1,2978000,13.2910757064819,60.2772750854492,1176.55297851562,23.5857639312744,81.5419692993164,141.819244384766,34.3128662109375,21.0217914581299,FALSE
377,*Quercus_abchasica,EU,EU,Tortonian,8.4765,11.62,5.333,41.735848,23.917748,23.6217,41.4188,8,teydc1,2516684,0.811249017715454,11.1947898864746,564.120849609375,14.4738731384277,63.7979965209961,74.9927825927734,32.2657737731934,31.4545230865479,FALSE
695,*Quercus_aff._acrodonta,EU,EU,Zanclean,5.332,5.332,5.332,42.864319,22.790981,22.6182,42.6706,5,teydb1,2451872,2.39133310317993,33.4258728027344,952.887817382812,12.2531909942627,74.855712890625,108.281585693359,26.7499217987061,24.358585357666,FALSE
447,*Quercus_aimeeana,EU,EU,Priabonian,35.85,37.8,33.9,54.810953,20.23713,15.4702,53.7788,36,teydh1,1877226,-0.539294242858887,9.59469413757324,733.480285644531,17.0876388549805,98.4503860473633,108.045082092285,41.8006706237793,42.3399658203125,FALSE
2704,*Quercus_alexeevii,CEA,CEA,Rupelian,31,33.9,28.1,50.28,57.17,53.5009,50.9428,31,teydg1,2024563,-7.87027835845947,12.6443357467651,384.017242431641,13.7962007522583,45.2470474243164,57.8913803100586,40.9806900024414,48.8509712219238,FALSE
2652,*Quercus_alexeevii,,,Chattian,25.565,28.1,23.03,47.47442,84.880516,82.8475,48.4859,26,teydf1,2154515,-13.7708225250244,9.37962913513184,505.166381835938,7.90899324417114,62.7516326904297,72.1312637329102,37.2777404785156,51.0485649108887,FALSE
2706,*Quercus_alexeevii,,,Rupelian,31,33.9,28.1,49.453458,79.770874,76.5719,50.5988,31,teydg1,2042119,-13.1879377365112,3.92141652107239,273.715270996094,10.4428949356079,36.0794219970703,40.0008392333984,40.8773193359375,54.065258026123,FALSE
448,*Quercus_brachyandra,EU,EU,Priabonian,35.85,37.8,33.9,54.810953,20.23713,15.4702,53.7788,36,teydh1,1877226,-0.539294242858887,9.59469413757324,733.480285644531,17.0876388549805,98.4503860473633,108.045082092285,41.8006706237793,42.3399658203125,FALSE
711,*Quercus_cardanii,EU,EU,Zanclean,5.332,5.332,5.332,42.158425,23.03764,22.8587,41.9637,5,teydb1,2490755,2.76076173782349,29.6226902008057,902.325134277344,12.7040910720825,73.5741729736328,103.196868896484,27.1253051757812,24.3645401000977,FALSE
708,*Quercus_cardanii,,,Zanclean,5.332,5.332,5.332,42.864319,22.790981,22.6182,42.6706,5,teydb1,2451872,2.39133310317993,33.4258728027344,952.887817382812,12.2531909942627,74.855712890625,108.281585693359,26.7499217987061,24.358585357666,FALSE
677,*Quercus_cardanii,,,Serravallian,12.809,23.03,2.588,42.67455,24.833081,24.2856,42.0534,13,teydd1,2486452,0.88908863067627,14.2306480407715,419.713745117188,14.4595975875854,39.0268096923828,53.2574577331543,31.9764728546143,31.0873832702637,FALSE
2650,*Quercus_cerverensis,EU,EU,Rupelian,31,33.9,28.1,41.711224,2.159206,-0.8442,41.0065,31,teydg1,2537990,6.47515964508057,12.9933280944824,897.27294921875,17.2410793304443,114.11791229248,127.11124420166,35.7644500732422,29.2892913818359,FALSE
373,*Quercus_cf._pliovariabilis,EU,EU,Tortonian,8.4765,11.62,5.333,41.735848,23.917748,23.6217,41.4188,8,teydc1,2516684,0.811249017715454,11.1947898864746,564.120849609375,14.4738731384277,63.7979965209961,74.9927825927734,32.2657737731934,31.4545230865479,FALSE
2400,*Quercus_cf._praemongolica,EA,EA,Priabonian,35.95,38,33.9,43.2,131.5,127.3489,45.2809,36,teydh1,2319209,-12.8108367919922,33.1258506774902,1272.65637207031,14.5398263931274,146.960861206055,180.086700439453,38.323616027832,51.1344528198242,FALSE
145,*Quercus_cf._presenescens,EA,EA,Priabonian,34.6,35.4,33.8,29.7527,98.4327,92.092,23.8212,35,teydh1,3433346,17.2563610076904,0.376463502645493,409.389099121094,32.6262016296387,89.9626541137695,90.3391189575195,46.5892486572266,29.3328876495361,FALSE
45,*Quercus_changchangensis,SEA,SEA,Lutetian,43,48,38,19.63416667,110.4511111,109.6017,20.3201,43,teydj1,3614996,22.2940998077393,11.0798835754395,1827.03723144531,28.7366580963135,453.551055908203,464.630920410156,33.178337097168,10.884238243103,FALSE
1698,*Quercus_drymeja,,,Tortonian,10,10,10,44.521619,20.73155,20.4247,44.1521,10,teydc1,2378406,-0.0180506985634565,17.473819732666,632.369079589844,14.3317403793335,62.4648933410645,79.9387130737305,32.8640289306641,32.882080078125,FALSE
1702,*Quercus_drymeja,,,Tortonian,10.8,10.8,10.8,48.15,21.2,20.9078,47.707,11,teydc1,2192651,-3.16467356681824,18.6425628662109,608.196716308594,12.4070463180542,54.4049186706543,73.0474853515625,31.4419689178467,34.6066436767578,FALSE
2747,*Quercus_drymeja,,,Aquitanian,22.035,28.1,15.97,50.93,14.62,12.3927,51.0078,22,teyde1,2019749,-4.86868333816528,21.9283237457275,815.331665039062,9.79198741912842,70.9629135131836,92.891227722168,29.9750576019287,34.8437423706055,FALSE
378,*Quercus_drymeja,,,Tortonian,8.4765,11.62,5.333,41.735848,23.917748,23.6217,41.4188,8,teydc1,2516684,0.811249017715454,11.1947898864746,564.120849609375,14.4738731384277,63.7979965209961,74.9927825927734,32.2657737731934,31.4545230865479,FALSE
2705,*Quercus_drymeja,CEA,EU|CEA|WEA,Rupelian,31,33.9,28.1,50.28,57.17,53.5009,50.9428,31,teydg1,2024563,-7.87027835845947,12.6443357467651,384.017242431641,13.7962007522583,45.2470474243164,57.8913803100586,40.9806900024414,48.8509712219238,FALSE
2707,*Quercus_drymeja,,,Rupelian,31,33.9,28.1,49.453458,79.770874,76.5719,50.5988,31,teydg1,2042119,-13.1879377365112,3.92141652107239,273.715270996094,10.4428949356079,36.0794219970703,40.0008392333984,40.8773193359375,54.065258026123,FALSE
857,*Quercus_drymeja,,,Zanclean,3.9605,5.333,2.588,38.516547,23.075578,22.9116,38.3606,4,teydb1,2676515,12.6430206298828,6.57129573822021,456.916107177734,19.7129020690918,67.750358581543,74.3216552734375,30.0519332885742,17.4089126586914,FALSE
696,*Quercus_drymeja,,,Zanclean,5.332,5.332,5.332,42.864319,22.790981,22.6182,42.6706,5,teydb1,2451872,2.39133310317993,33.4258728027344,952.887817382812,12.2531909942627,74.855712890625,108.281585693359,26.7499217987061,24.358585357666,FALSE
827,*Quercus_drymeja,,,Messinian,6.2895,7.246,5.333,37.622066,21.50261,21.2542,37.3963,6,teydb1,2728336,10.3674378395081,11.5256907145182,592.125410291884,18.4853356679281,76.6466439565023,88.1723386976454,30.2568851576911,19.8894485897488,FALSE
802,*Quercus_drymeja,,,Messinian,6.5,7,6,40.875474,22.017734,21.7951,40.647,6,teydb1,2559862,5.34188842773438,22.968132019043,839.077514648438,15.4194078445435,85.197265625,108.165405273438,29.8389339447021,24.4970455169678,FALSE
811,*Quercus_drymeja,,,Tortonian,8.4765,11.62,5.333,40.215842,22.275296,21.9694,39.9098,8,teydc1,2598744,2.53197288513184,8.62587547302246,450.106811523438,16.1670093536377,54.3168601989746,62.9427337646484,33.5397834777832,31.0078105926514,FALSE
2667,*Quercus_drymeja,,,Tortonian,8.4765,11.62,5.333,42.364,1.822444444,1.1053,42.5548,8,teydc1,2460254,3.95872783660889,45.7610244750977,899.587280273438,12.7272033691406,61.8033905029297,107.564414978027,25.7033882141113,21.7446613311768,FALSE
796,*Quercus_drymeja,,,Burdigalian,18.205,20.44,15.97,38.642913,24.064433,23.1117,37.6747,18,teyde1,2711078,3.0678150615476,9.03827739273679,365.231513071034,17.0067510436578,41.3902409387596,50.4285189586031,34.7864027043318,31.7185874145309,FALSE
411,*Quercus_drymeja,,,Burdigalian,19.625,20.54,18.71,39.048318,27.597786,28.2081,39.2977,20,teyde1,2629059,2.24393200874329,5.4267954826355,277.81982421875,17.0227699279785,34.5603332519531,39.9871292114258,34.871395111084,32.6274642944336,FALSE
792,*Quercus_drymeja,,,Burdigalian,18.205,20.44,15.97,38.426148,23.972447,23.0155,37.4594,18,teyde1,2724037,11.0624411446708,4.79429149627686,269.745012555804,19.0567212785993,40.4780736650739,45.2723661150251,29.9697954995292,18.9073538099016,FALSE
1768,*Quercus_drymeja,,,Chattian,25.565,28.1,23.03,42.37,23.02,21.2574,40.172,26,teydf1,2581456,3.29331564903259,7.99433708190918,393.649810791016,19.3331871032715,58.4853897094727,66.4797286987305,40.4877319335938,37.1944198608398,FALSE
1770,*Quercus_drymeja,,,Chattian,25.565,28.1,23.03,42.37,23.02,21.2574,40.172,26,teydf1,2581456,3.29331564903259,7.99433708190918,393.649810791016,19.3331871032715,58.4853897094727,66.4797286987305,40.4877319335938,37.1944198608398,TRUE
1877,*Quercus_drymeja,,,Chattian,25.565,28.1,23.03,47.7,11.8,10.717,45.8115,26,teydf1,2291889,0.841971218585968,17.0539703369141,890.8740234375,14.2419157028198,113.544654846191,130.5986328125,36.3101959228516,35.4682273864746,FALSE
1804,*Quercus_drymeja,,,Rupelian,31,33.9,28.1,41.87,23.18,20.7397,38.6766,31,teydg1,2659209,6.74887561798096,3.17018413543701,319.949035644531,23.3659801483154,53.3706283569336,56.5408134460449,45.1035270690918,38.3546524047852,FALSE
360,*Quercus_drymeja,,,Serravallian,13.795,15.97,11.62,37.175487,27.985898,27.8646,37.1745,14,teydd1,2737055,7.36660575866699,10.0836639404297,377.881439208984,16.8563938140869,58.2624206542969,68.3460845947266,28.7437019348145,21.3770961761475,FALSE
361,*Quercus_drymeja,,,Serravallian,13.795,15.97,11.62,37.285822,28.252659,28.143,37.2648,14,teydd1,2732738,6.5628867149353,10.3341541290283,388.982788085938,16.5220508575439,59.3824157714844,69.7165679931641,28.9537944793701,22.3909091949463,FALSE
2320,*Quercus_gracilis,EA,EA,Rupelian,31,33.9,28.1,42.45,130.4,126.636,43.4403,31,teydg1,2414240,-13.3947591781616,26.0268802642822,1346.68762207031,13.4742670059204,175.210983276367,201.237869262695,36.4718132019043,49.8665733337402,FALSE
332,*Quercus_gracilis,,,Rupelian,31,33.9,28.1,42.75,130.6666667,126.9018,43.7427,31,teydg1,2401283,-13.7591609954834,26.5264472961426,1357.51574707031,13.2778339385986,174.516693115234,201.04313659668,36.4424171447754,50.2015762329102,FALSE
2711,*Quercus_koraika,EA,EA,Burdigalian,19.5,23.03,15.97,36.440997,139.016952,136.4164,40.6107,20,teyde1,2561237,-10.8340263366699,58.0889015197754,1788.775390625,7.50421905517578,210.272018432617,268.360931396484,24.7505474090576,35.5845718383789,FALSE
2712,*Quercus_koraika,,,Serravallian,13.795,15.97,11.62,42.253539,129.881545,127.6838,42.0887,14,teydd1,2483373,-22.0072135925293,20.0304355621338,1120.76293945312,3.75241017341614,152.365112304688,172.395538330078,25.9815349578857,47.9887466430664,FALSE
501,*Quercus_sp._US188_5894,NA,NA,Lutetian,45,45,45,79.94166667,-89.13333333,-45.2786,79.2291,45,teydj1,558897,-32.3190383911133,17.2063255310059,484.460540771484,-5.48848342895508,59.8415031433105,77.0478286743164,19.4166870117188,51.735725402832,FALSE
188,*Quercus_lanpingensis,EA,EA,Piacenzian,3.094,3.6,2.588,26.46666667,99.43333333,98.7456,25.3357,3,teydb1,3351345,5.45683908462524,33.1306076049805,1913.08056640625,14.5859794616699,314.382843017578,347.513427734375,19.7025260925293,14.2456865310669,FALSE
1599,*Quercus_lanpingensis,,,Piacenzian,3.094,3.6,2.588,26.491547,99.456344,98.7689,25.3602,3,teydb1,3351346,5.48564147949219,33.0142250061035,1891.22668457031,14.5795745849609,310.331420898438,343.345642089844,19.7056255340576,14.2199850082397,FALSE
1226,*Quercus_lanpingensis,,,Zanclean,3.9605,5.333,2.588,25.462638,99.547782,99.2875,24.9262,4,teydb1,3372952,6.41602563858032,33.4688034057617,1794.07702636719,15.308536529541,298.009582519531,331.478393554688,20.3114566802979,13.8954305648804,FALSE
1346,*Quercus_lanpingensis,,,Zanclean,3.9605,5.333,2.588,25.459506,99.544333,99.2841,24.923,4,teydb1,3372952,6.41602563858032,33.4688034057617,1794.07702636719,15.308536529541,298.009582519531,331.478393554688,20.3114566802979,13.8954305648804,TRUE
380,*Quercus_lyellii,EU,EU,Tortonian,8.4765,11.62,5.333,41.735848,23.917748,23.6217,41.4188,8,teydc1,2516684,0.811249017715454,11.1947898864746,564.120849609375,14.4738731384277,63.7979965209961,74.9927825927734,32.2657737731934,31.4545230865479,FALSE
1795,*Quercus_lyellii,,,Chattian,25.565,28.1,23.03,42.33,23.55,21.7678,40.1191,26,teydf1,2585782,3.38092136383057,5.78584861755371,306.752899169922,19.9693489074707,46.055835723877,51.841682434082,41.3531951904297,37.9722709655762,FALSE
2006,*Quercus_lyellii,,,Chattian,25.565,28.1,23.03,41.7,26.02,24.1286,39.4317,26,teydf1,2620370,3.10594439506531,4.12884902954102,355.415008544922,19.3518447875977,55.034782409668,59.163631439209,40.635181427002,37.5292358398438,FALSE
1824,*Quercus_lyellii,,,Rupelian,31,33.9,28.1,41.87,23.58,21.1209,38.6643,31,teydg1,2663534,6.84860324859619,2.81826877593994,282.952667236328,23.8294792175293,47.9512596130371,50.7695274353027,45.6655387878418,38.8169364929199,FALSE
1883,*Quercus_lyellii,,,Rupelian,31,33.9,28.1,41.88,24.68,22.1694,38.6412,31,teydg1,2663547,7.08634090423584,1.87220537662506,214.147811889648,24.7742080688477,38.1184997558594,39.9907073974609,46.8505554199219,39.7642135620117,FALSE
684,*Quercus_lyellii,,,Serravallian,12.809,23.03,2.588,42.67455,24.833081,24.2856,42.0534,13,teydd1,2486452,0.88908863067627,14.2306480407715,419.713745117188,14.4595975875854,39.0268096923828,53.2574577331543,31.9764728546143,31.0873832702637,FALSE
1806,*Quercus_mediterranea,EU,EU|WEA,Rupelian,31,33.9,28.1,41.87,23.18,20.7397,38.6766,31,teydg1,2659209,6.74887561798096,3.17018413543701,319.949035644531,23.3659801483154,53.3706283569336,56.5408134460449,45.1035270690918,38.3546524047852,FALSE
1952,*Quercus_mediterranea,,,Rupelian,31,33.9,28.1,41.53,24.78,22.247,38.2885,31,teydg1,2680827,7.01603174209595,2.09156060218811,197.824188232422,24.9836025238037,35.1681213378906,37.2596817016602,47.0921249389648,40.0760917663574,FALSE
1704,*Quercus_mediterranea,,,Tortonian,10.8,10.8,10.8,48.15,21.2,20.9078,47.707,11,teydc1,2192651,-3.16467356681824,18.6425628662109,608.196716308594,12.4070463180542,54.4049186706543,73.0474853515625,31.4419689178467,34.6066436767578,FALSE
371,*Quercus_mediterranea,,,Tortonian,8.4765,11.62,5.333,41.735848,23.917748,23.6217,41.4188,8,teydc1,2516684,0.811249017715454,11.1947898864746,564.120849609375,14.4738731384277,63.7979965209961,74.9927825927734,32.2657737731934,31.4545230865479,FALSE
685,*Quercus_mediterranea,,,Serravallian,12.809,23.03,2.588,42.67455,24.833081,24.2856,42.0534,13,teydd1,2486452,0.88908863067627,14.2306480407715,419.713745117188,14.4595975875854,39.0268096923828,53.2574577331543,31.9764728546143,31.0873832702637,FALSE
76,*Quercus_mediterranea,,,Langhian,14.1815,23.03,5.333,36.368989,25.449229,24.7112,35.669,14,teydd1,2814777,5.89907903927776,9.02583829782018,292.148431919303,18.330772303818,34.3981147765025,43.4239539693616,32.9044021683163,27.0053231539845,FALSE
704,*Quercus_mediterranea,,,Zanclean,5.332,5.332,5.332,42.864319,22.790981,22.6182,42.6706,5,teydb1,2451872,2.39133310317993,33.4258728027344,952.887817382812,12.2531909942627,74.855712890625,108.281585693359,26.7499217987061,24.358585357666,FALSE
822,*Quercus_mediterranea,,,Messinian,6.2895,7.246,5.333,39.76299,19.782462,19.5575,39.546,6,teydb1,2615995,10.5954895019531,15.2653408050537,706.457702636719,18.1996040344238,88.9738006591797,104.239135742188,29.6661682128906,19.0706787109375,FALSE
829,*Quercus_mediterranea,,,Messinian,6.2895,7.246,5.333,37.622066,21.50261,21.2542,37.3963,6,teydb1,2728336,10.3674378395081,11.5256907145182,592.125410291884,18.4853356679281,76.6466439565023,88.1723386976454,30.2568851576911,19.8894485897488,FALSE
805,*Quercus_mediterranea,,,Messinian,6.5,7,6,40.875474,22.017734,21.7951,40.647,6,teydb1,2559862,5.34188842773438,22.968132019043,839.077514648438,15.4194078445435,85.197265625,108.165405273438,29.8389339447021,24.4970455169678,FALSE
845,*Quercus_mediterranea,,,Tortonian,7.86125,9.433,6.2895,35.356844,24.22541,23.8598,35.038,8,teydc1,2849327,7.07748069639878,5.72209048708687,322.23164831866,19.4218142303745,48.7635523000177,54.4856416224981,33.9751648575955,26.8976842840807,FALSE
838,*Quercus_mediterranea,,,Tortonian,8.15,8.6,7.7,35.115326,25.724789,25.3509,34.7868,8,teydc1,2862305,7.0088793483239,4.38962087452251,290.464547061371,19.6145362057103,47.074978227581,51.4645979792437,34.2711716006986,27.2622924407438,FALSE
812,*Quercus_mediterranea,,,Tortonian,8.4765,11.62,5.333,40.215842,22.275296,21.9694,39.9098,8,teydc1,2598744,2.53197288513184,8.62587547302246,450.106811523438,16.1670093536377,54.3168601989746,62.9427337646484,33.5397834777832,31.0078105926514,FALSE
823,*Quercus_mediterranea,,,Tortonian,8.4765,11.62,5.333,40.854523,23.875861,23.5698,40.5378,8,teydc1,2564203,1.30772483348846,9.79993152618408,535.628540039062,15.0396251678467,64.8128128051758,74.6127395629883,32.7690353393555,31.461311340332,FALSE
2669,*Quercus_mediterranea,,,Tortonian,8.4765,11.62,5.333,42.3725,1.777222222,1.0599,42.563,8,teydc1,2460253,3.72754430770874,47.0050239562988,911.83837890625,12.5471696853638,61.2515563964844,108.256576538086,25.573169708252,21.8456249237061,FALSE
836,*Quercus_mediterranea,,,Tortonian,10.533,13.82,7.246,38.313896,26.12953,25.3113,38.6901,11,teydc1,2659264,4.76269129514694,4.54947789775001,503.988409084744,16.9927196396722,89.2187232971191,93.7681964026557,32.6903449800279,27.9276537471347,FALSE
793,*Quercus_mediterranea,,,Burdigalian,18.205,20.44,15.97,38.426148,23.972447,23.0155,37.4594,18,teyde1,2724037,11.0624411446708,4.79429149627686,269.745012555804,19.0567212785993,40.4780736650739,45.2723661150251,29.9697954995292,18.9073538099016,FALSE
797,*Quercus_mediterranea,,,Burdigalian,18.205,20.44,15.97,38.642913,24.064433,23.1117,37.6747,18,teyde1,2711078,3.0678150615476,9.03827739273679,365.231513071034,17.0067510436578,41.3902409387596,50.4285189586031,34.7864027043318,31.7185874145309,FALSE
412,*Quercus_mediterranea,,,Burdigalian,19.625,20.54,18.71,39.048318,27.597786,28.2081,39.2977,20,teyde1,2629059,2.24393200874329,5.4267954826355,277.81982421875,17.0227699279785,34.5603332519531,39.9871292114258,34.871395111084,32.6274642944336,FALSE
843,*Quercus_mediterranea,,,Tortonian,11.06,11.62,10.5,35.02457,24.942904,24.405,34.548,11,teydc1,2875253,7.61189368864719,4.73347938777666,293.212979864519,19.9659678399026,47.3696128776908,52.1030911182613,34.3224860032932,26.7105924613282,FALSE
364,*Quercus_mediterranea,,,Serravallian,13.795,15.97,11.62,37.553622,27.364989,27.2901,37.5965,14,teydd1,2715448,7.71656656265259,10.5981454849243,391.032196044922,16.9716281890869,57.7361869812012,68.3343353271484,28.6549739837646,20.9384098052979,FALSE
365,*Quercus_mediterranea,,,Serravallian,13.795,15.97,11.62,37.175487,27.985898,27.8646,37.1745,14,teydd1,2737055,7.36660575866699,10.0836639404297,377.881439208984,16.8563938140869,58.2624206542969,68.3460845947266,28.7437019348145,21.3770961761475,FALSE
366,*Quercus_mediterranea,,,Serravallian,13.795,15.97,11.62,37.285822,28.252659,28.143,37.2648,14,teydd1,2732738,6.5628867149353,10.3341541290283,388.982788085938,16.5220508575439,59.3824157714844,69.7165679931641,28.9537944793701,22.3909091949463,FALSE
128,*Quercus_mutilatifolia,EA,EA,Tortonian,8.4765,11.62,5.333,23.9,100.0166667,99.4909,22.9137,8,teydc1,3480954,9.72852039337158,40.5788917541504,1696.19421386719,17.734582901001,231.501876831055,272.080780029297,23.4444446563721,13.7159242630005,FALSE
264,*Quercus_naitoi,EA,EA,Bartonian,40.475,41.3,39.65,33.57,131.15,125.4955,40.8195,40,teydi1,2552466,-0.964017927646637,35.4181442260742,1175.04284667969,19.3048534393311,126.200630187988,161.618774414062,35.063549041748,36.0275650024414,FALSE
717,*Quercus_nanningensis,EA,EA,Chattian,25.565,28.1,23.03,22.88055556,108.4172222,107.9415,22.9754,26,teydf1,3476736,12.7849578857422,6.79341602325439,1409.29724121094,25.4204082489014,283.318756103516,290.112182617188,35.3654441833496,22.5804901123047,FALSE
381,*Quercus_neriifolia,,,Tortonian,8.4765,11.62,5.333,41.735848,23.917748,23.6217,41.4188,8,teydc1,2516684,0.811249017715454,11.1947898864746,564.120849609375,14.4738731384277,63.7979965209961,74.9927825927734,32.2657737731934,31.4545230865479,FALSE
686,*Quercus_neriifolia,,,Serravallian,12.809,23.03,2.588,42.67455,24.833081,24.2856,42.0534,13,teydd1,2486452,0.88908863067627,14.2306480407715,419.713745117188,14.4595975875854,39.0268096923828,53.2574577331543,31.9764728546143,31.0873832702637,FALSE
1765,*Quercus_neriifolia,,,Chattian,25.565,28.1,23.03,42.38,23.02,21.2578,40.182,26,teydf1,2581456,3.29331564903259,7.99433708190918,393.649810791016,19.3331871032715,58.4853897094727,66.4797286987305,40.4877319335938,37.1944198608398,FALSE
1771,*Quercus_neriifolia,,,Chattian,25.565,28.1,23.03,42.37,23.02,21.2574,40.172,26,teydf1,2581456,3.29331564903259,7.99433708190918,393.649810791016,19.3331871032715,58.4853897094727,66.4797286987305,40.4877319335938,37.1944198608398,TRUE
1950,*Quercus_neriifolia,,,Chattian,25.565,28.1,23.03,45.41,23.35,21.7136,43.2023,26,teydf1,2425941,2.88353109359741,6.99215412139893,516.587219238281,17.8843441009521,71.9852294921875,78.9773864746094,39.8977012634277,37.0141677856445,FALSE
1783,*Quercus_neriifolia,,,Rupelian,31,33.9,28.1,41.68,24.33,21.8257,38.4518,31,teydg1,2672182,7.0068154335022,2.26785755157471,223.251342773438,24.6114692687988,39.1049346923828,41.3727912902832,46.619068145752,39.6122512817383,FALSE
1798,*Quercus_neriifolia,,,Rupelian,31,33.9,28.1,41.52,25,22.4562,38.2721,31,teydg1,2680830,7.00204610824585,1.99223303794861,195.474945068359,25.0545043945312,34.8803100585938,36.8725433349609,47.2050857543945,40.2030372619629,FALSE
1807,*Quercus_neriifolia,,,Rupelian,31,33.9,28.1,41.87,23.18,20.7397,38.6766,31,teydg1,2659209,6.74887561798096,3.17018413543701,319.949035644531,23.3659801483154,53.3706283569336,56.5408134460449,45.1035270690918,38.3546524047852,FALSE
1825,*Quercus_neriifolia,,,Rupelian,31,33.9,28.1,41.87,23.58,21.1209,38.6643,31,teydg1,2663534,6.84860324859619,2.81826877593994,282.952667236328,23.8294792175293,47.9512596130371,50.7695274353027,45.6655387878418,38.8169364929199,FALSE
1884,*Quercus_neriifolia,,,Rupelian,31,33.9,28.1,41.88,24.68,22.1694,38.6412,31,teydg1,2663547,7.08634090423584,1.87220537662506,214.147811889648,24.7742080688477,38.1184997558594,39.9907073974609,46.8505554199219,39.7642135620117,FALSE
1953,*Quercus_neriifolia,,,Rupelian,31,33.9,28.1,41.53,24.78,22.247,38.2885,31,teydg1,2680827,7.01603174209595,2.09156060218811,197.824188232422,24.9836025238037,35.1681213378906,37.2596817016602,47.0921249389648,40.0760917663574,FALSE
1998,*Quercus_neriifolia,,,Rupelian,31,33.9,28.1,41.78,43.42,40.0855,42.1008,31,teydg1,2482322,1.88663578033447,5.76043272018433,532.614624023438,18.6977367401123,72.7376480102539,78.4980773925781,40.8489189147949,38.9622840881348,FALSE
825,*Quercus_neriifolia,,,Tortonian,8.4765,11.62,5.333,41.021943,23.986245,23.6816,40.7045,8,teydc1,2555565,1.18550491333008,9.78814888000488,540.378662109375,14.9513282775879,65.7147445678711,75.5028915405273,32.7404899597168,31.5549831390381,FALSE
2668,*Quercus_neriifolia,,,Tortonian,8.4765,11.62,5.333,42.3725,1.777222222,1.0599,42.563,8,teydc1,2460253,3.72754430770874,47.0050239562988,911.83837890625,12.5471696853638,61.2515563964844,108.256576538086,25.573169708252,21.8456249237061,FALSE
1532,*Quercus_neriifolia,EU,EU|WEA,Priabonian,35.95,38,33.9,50.21636,12.443,8.2193,48.9713,36,teydh1,2127699,4.2598762512207,3.52785444259644,767.987426757812,19.5687408447266,110.683059692383,114.210922241211,43.2642517089844,39.0043754577637,FALSE
7,*Quercus_paleocarpa,NA,NA,Ypresian,48.32,48.32,48.32,44.94333333,-120.4261111,-103.0239,47.5983,48,teydj1,2195484,-0.551151752471924,39.3077278137207,1172.15539550781,12.1307992935181,114.064254760742,153.371978759766,29.2063941955566,29.7575454711914,FALSE
1899,*Quercus_paleoserrata,CEA,CEA,Rupelian,31,33.9,28.1,48.16,84.13,81.088,49.3802,31,teydg1,2106974,-12.5569715499878,4.84784460067749,461.499237060547,10.5570001602173,57.0976791381836,61.9455261230469,40.8578453063965,53.4148178100586,FALSE
1037,*Quercus_peritula,NA,NA,Lutetian,44.95,56,33.9,38.965589,-105.285327,-93.426,41.7727,45,teydj1,2497999,4.22945499420166,14.0496892929077,541.914489746094,18.7868137359619,57.1194725036621,71.1691589355469,38.2654457092285,34.0359916687012,FALSE
432,*Quercus_peritula,,,Priabonian,34.07,34.17,33.97,38.965589,-105.285327,-97.6313,40.2182,34,teydh1,2580029,7.00771522521973,9.81956577301025,388.010375976562,23.4908084869385,45.8147926330566,55.6343536376953,44.1165542602539,37.1088409423828,FALSE
1042,*Quercus_predayana,NA,NA,Lutetian,44.95,56,33.9,38.965589,-105.285327,-93.426,41.7727,45,teydj1,2497999,4.22945499420166,14.0496892929077,541.914489746094,18.7868137359619,57.1194725036621,71.1691589355469,38.2654457092285,34.0359916687012,FALSE
433,*Quercus_predayana,,,Priabonian,34.07,34.17,33.97,38.965589,-105.285327,-97.6313,40.2182,34,teydh1,2580029,7.00771522521973,9.81956577301025,388.010375976562,23.4908084869385,45.8147926330566,55.6343536376953,44.1165542602539,37.1088409423828,FALSE
2352,*Quercus_pseudolyrata,EA,NA|EA,Rupelian,31,33.9,28.1,44.1,132.4,129.2616,45.75,31,teydg1,2297632,-15.6516780853271,30.8330764770508,1267.19738769531,11.2803068161011,151.065658569336,181.898742675781,35.1287536621094,50.7804336547852,FALSE
506,*Quercus_pseudolyrata,,,Langhian,15.5,16,15,50.94111111,-120.8138889,-117.3679,51.8158,16,teydd1,1979312,-10.1899852752686,52.7597694396973,1345.41528320312,2.83569931983948,130.807434082031,183.567199707031,17.438304901123,27.6282901763916,FALSE
410,*Quercus_sosnowskyi,WEA,EU|WEA,Burdigalian,19.625,20.54,18.71,39.048318,27.597786,28.2081,39.2977,20,teyde1,2629059,2.24393200874329,5.4267954826355,277.81982421875,17.0227699279785,34.5603332519531,39.9871292114258,34.871395111084,32.6274642944336,FALSE
698,*Quercus_sosnowskyi,,,Zanclean,5.332,5.332,5.332,42.864319,22.790981,22.6182,42.6706,5,teydb1,2451872,2.39133310317993,33.4258728027344,952.887817382812,12.2531909942627,74.855712890625,108.281585693359,26.7499217987061,24.358585357666,FALSE
375,*Quercus_sosnowskyi,,,Tortonian,8.4765,11.62,5.333,41.735848,23.917748,23.6217,41.4188,8,teydc1,2516684,0.811249017715454,11.1947898864746,564.120849609375,14.4738731384277,63.7979965209961,74.9927825927734,32.2657737731934,31.4545230865479,FALSE
689,*Quercus_sosnowskyi,,,Serravallian,12.809,23.03,2.588,42.67455,24.833081,24.2856,42.0534,13,teydd1,2486452,0.88908863067627,14.2306480407715,419.713745117188,14.4595975875854,39.0268096923828,53.2574577331543,31.9764728546143,31.0873832702637,FALSE
807,*Quercus_sosnowskyi,,,Messinian,6.5,7,6,40.875474,22.017734,21.7951,40.647,6,teydb1,2559862,5.34188842773438,22.968132019043,839.077514648438,15.4194078445435,85.197265625,108.165405273438,29.8389339447021,24.4970455169678,FALSE
815,*Quercus_sosnowskyi,,,Tortonian,8.4765,11.62,5.333,40.215842,22.275296,21.9694,39.9098,8,teydc1,2598744,2.53197288513184,8.62587547302246,450.106811523438,16.1670093536377,54.3168601989746,62.9427337646484,33.5397834777832,31.0078105926514,FALSE
367,*Quercus_sosnowskyi,,,Serravallian,13.795,15.97,11.62,37.553622,27.364989,27.2901,37.5965,14,teydd1,2715448,7.71656656265259,10.5981454849243,391.032196044922,16.9716281890869,57.7361869812012,68.3343353271484,28.6549739837646,20.9384098052979,FALSE
368,*Quercus_sosnowskyi,,,Serravallian,13.795,15.97,11.62,37.175487,27.985898,27.8646,37.1745,14,teydd1,2737055,7.36660575866699,10.0836639404297,377.881439208984,16.8563938140869,58.2624206542969,68.3460845947266,28.7437019348145,21.3770961761475,FALSE
369,*Quercus_sosnowskyi,,,Serravallian,13.795,15.97,11.62,37.285822,28.252659,28.143,37.2648,14,teydd1,2732738,6.5628867149353,10.3341541290283,388.982788085938,16.5220508575439,59.3824157714844,69.7165679931641,28.9537944793701,22.3909091949463,FALSE
2699,*Quercus_sp._Jilin,EA,EA,Lutetian,42.9,47.8,38,41.8,123.9,117.8271,43.3511,43,teydj1,2418454,-7.04593849182129,26.8205013275146,1202.85632324219,16.7299900054932,148.162490844727,174.982986450195,37.8471298217773,44.8930702209473,FALSE
74,*Quercus_subhercynica,EU,EU,Lutetian,42.9,47.8,38,51.832737,10.783473,6.7495,49.2647,43,teydj1,2110401,5.04326486587524,6.91246891021729,843.955505371094,17.8555088043213,107.333297729492,114.245765686035,37.854850769043,32.8115844726562,FALSE
2094,*Quercus_tibetensis,,,Priabonian,35.95,38,33.9,29.75,98.42,91.735,23.7588,36,teydh1,3433341,17.1126842498779,0.367838501930237,426.059997558594,32.6141395568848,95.685676574707,96.0535202026367,46.7371673583984,29.6244831085205,FALSE
146,*Quercus_tibetensis,EA,EA,Priabonian,34.6,35.4,33.8,29.7527,98.4327,92.092,23.8212,35,teydh1,3433346,17.2563610076904,0.376463502645493,409.389099121094,32.6262016296387,89.9626541137695,90.3391189575195,46.5892486572266,29.3328876495361,FALSE
333,*Quercus_ussuriensis,,,Rupelian,31,33.9,28.1,42.75,130.6666667,126.9018,43.7427,31,teydg1,2401283,-13.7591609954834,26.5264472961426,1357.51574707031,13.2778339385986,174.516693115234,201.04313659668,36.4424171447754,50.2015762329102,FALSE
2326,*Quercus_ussuriensis,,,Rupelian,31,33.9,28.1,42.45,130.4,126.636,43.4403,31,teydg1,2414240,-13.3947591781616,26.0268802642822,1346.68762207031,13.4742670059204,175.210983276367,201.237869262695,36.4718132019043,49.8665733337402,FALSE
2354,*Quercus_ussuriensis,,,Rupelian,31,33.9,28.1,44.1,132.4,129.2616,45.75,31,teydg1,2297632,-15.6516780853271,30.8330764770508,1267.19738769531,11.2803068161011,151.065658569336,181.898742675781,35.1287536621094,50.7804336547852,FALSE
2373,*Quercus_ussuriensis,,,Rupelian,31,33.9,28.1,45.4,137.1,134.0668,47.1154,31,teydg1,2224249,-20.5359077453613,37.4886436462402,1254.50390625,8.24464321136475,144.976852416992,182.465484619141,33.9742774963379,54.5101852416992,FALSE
481,*Quercus_ussuriensis,EA,EA,Rupelian,32.45,33.9,31,34.700069,135.181715,131.0822,41.6933,32,teydg1,2505013,-4.9051079750061,40.1763725280762,1401.88586425781,15.9897804260254,165.404251098633,205.580627441406,33.2843818664551,38.1894912719727,FALSE
475,*Quercus_ussuriensis,,,Rupelian,31,33.9,28.1,42.72971,130.806896,127.0447,43.7237,31,teydg1,2401285,-13.8608541488647,26.6210956573486,1361.55639648438,13.2377729415894,174.658081054688,201.279174804688,36.4540901184082,50.31494140625,FALSE
476,*Quercus_ussuriensis,,,Rupelian,31,33.9,28.1,43.383799,132.144431,129.0203,45.0301,31,teydg1,2332189,-14.7600002288818,33.0306739807129,1459.10034179688,11.4854373931885,179.731079101562,212.761764526367,34.4308052062988,49.1908073425293,FALSE
477,*Quercus_ussuriensis,,,Rupelian,31,33.9,28.1,44.204861,132.721711,129.5895,45.8597,31,teydg1,2288996,-15.5429716110229,30.810338973999,1221.22412109375,11.3592472076416,144.618728637695,175.429061889648,35.2588844299316,50.8018569946289,FALSE
478,*Quercus_ussuriensis,,,Rupelian,31,33.9,28.1,42.284538,129.985054,126.2172,43.271,31,teydg1,2422875,-12.6502599716187,24.9299602508545,1326.30065917969,13.9007368087769,177.200469970703,202.130432128906,36.5657348632812,49.2159957885742,FALSE
479,*Quercus_ussuriensis,,,Rupelian,31,33.9,28.1,42.305027,130.01265,126.2449,43.2918,31,teydg1,2422875,-12.6502599716187,24.9299602508545,1326.30065917969,13.9007368087769,177.200469970703,202.130432128906,36.5657348632812,49.2159957885742,TRUE
480,*Quercus_ussuriensis,,,Rupelian,31,33.9,28.1,43.820848,143.857766,141.0726,45.6099,31,teydg1,2302093,-16.6605726390984,40.542233209789,1176.65581496938,8.60584985886674,127.361202920192,167.903433495443,31.9599609075423,48.6205335894019,FALSE
454,*Trigonobalanoid_sp._Samland,EU,EU,Priabonian,35.85,37.8,33.9,54.810953,20.23713,15.4702,53.7788,36,teydh1,1877226,-0.539294242858887,9.59469413757324,733.480285644531,17.0876388549805,98.4503860473633,108.045082092285,41.8006706237793,42.3399658203125,FALSE
9,*Trigonobalanoidea_americana,NA,NA,Ypresian,56,56,56,36.346481,-88.660626,-70.8923,38.9098,56,teydl1,2649470,8.00423336029053,61.7144927978516,1111.48291015625,21.247652053833,66.4376754760742,128.152160644531,37.3141937255859,29.3099613189697,FALSE
32,*Trigonobalanus_succinea,EU,EU,Lutetian,44.95,56,33.9,54.815393,20.226912,15.6542,52.0333,45,teydj1,1967948,0.786439776420593,11.7935886383057,728.536804199219,17.1431007385254,89.9298324584961,101.723419189453,39.9357109069824,39.1492729187012,FALSE
